--- When using SR data, please cite us and provide a link and/or a mention.


 
Rk,Name,Age,OPS,OPS+,Pos Summary
1,José Abreu\abreujo02,31,.798,117,*3D/H
2,Ronald Acuna Jr.\acunaro01,20,.917,143,78/9HD
3,Jason Adam\adamja01,26,,,1
4,Willy Adames\adamewi01,22,.754,109,64/H
5,Austin Adams\adamsau02,27,,,/1
6,Chance Adams\adamsch01,23,,,/1
7,Lane Adams\adamsla01,28,.865,129,H/987
8,Matt Adams*\adamsma01,29,.786,105,3H7/D9
9,Matt Adams*\adamsma01,29,.842,118,3H7/D9
10,Matt Adams*\adamsma01,29,.533,43,3H
11,Jim Adduci*\adducji02,33,.676,81,3H/D
12,Ehire Adrianza#\adriaeh01,28,.680,85,65H3/47D
13,Jesus Aguilar\aguilje01,28,.890,135,*3H/5D
14,Nick Ahmed\ahmedni01,28,.700,83,*6/H
15,Matt Albers*\alberma01,35,,,1
16,Hanser Alberto\alberha01,25,.501,33,/645H
17,Ozzie Albies#\albieoz01,21,.757,101,*4/H
18,Sandy Alcantara\alcansa01,22,.077,-76,/1
19,Victor Alcantara\alcanvi01,25,,,1
20,Scott Alexander*\alexasc02,28,.000,-100,1
21,Jorge Alfaro\alfarjo01,25,.731,95,2/H5
22,Anthony Alford\alforan01,23,.296,-14,/7H98D
23,Kolby Allard*\allarko01,20,2.000,444,/1
24,Cody Allen\allenco01,29,,,1
25,Greg Allen#\allengr01,25,.654,77,89H/7D
26,Abraham Almonte#\almonab01,29,.544,50,8H/D97
27,Yency Almonte#\almonye01,24,.000,-100,1
28,Albert Almora\almoral01,24,.701,86,*8H/7
29,Yonder Alonso*\alonsyo01,31,.738,98,*3/HD
30,Aaron Altherr\altheaa01,27,.628,69,9H8/7
31,Jose Altuve\altuvjo01,28,.837,130,*4/DH
32,Jose Alvarado*\alvarjo03,23,,,1/3
33,Jose Alvarez*\alvarjo02,29,,,1
34,Pedro Alvarez*\alvarpe01,31,.698,90,DH/53
35,Brett Anderson*\anderbr04,30,.500,40,1
36,Brian Anderson\anderbr06,25,.757,110,95/H
37,Chase Anderson\anderch01,30,.178,-52,1
38,Drew Anderson\anderdr02,24,.000,-100,/1
39,Justin Anderson*\anderju01,25,,,1
40,Tanner Anderson\anderta01,25,.000,-100,/1
41,Tim Anderson\anderti01,25,.687,87,*6/HD
42,Tyler Anderson*\anderty01,28,.267,-30,1/H
43,John Andreoli\andrejo03,28,.546,53,7/9H8D
44,John Andreoli\andrejo03,28,.533,57,/D7H9
45,John Andreoli\andrejo03,28,.547,53,7/9H8D
46,Matt Andriese\andrima01,28,.000,-100,1
47,Matt Andriese\andrima01,28,,,1
48,Matt Andriese\andrima01,28,.000,-100,1
49,Elvis Andrus\andruel01,29,.675,78,6/H
50,Miguel Andujar\andujmi01,23,.855,130,*5D/H
51,Aristides Aquino\aquinar01,24,.000,-100,/H9
52,Victor Arano\aranovi01,23,,,1
53,Chris Archer\archech01,29,.294,-20,1
54,Chris Archer\archech01,29,.294,-20,1
55,Francisco Arcia*\arciafr01,28,.654,75,2/H13D
56,Orlando Arcia\arciaor01,23,.576,55,*6H
57,Nolan Arenado\arenano01,27,.935,133,*5/DH
58,Shawn Armstrong\armstsh01,27,,,1
59,Jake Arrieta\arrieja01,32,.388,4,1
60,Christian Arroyo\arroych01,23,.735,104,/45HD
61,Alec Asher\asheral01,26,,,/1
62,Willians Astudillo\astudwi01,26,.887,139,2/5D4871H
63,Carlos Asuaje*\asuajca01,26,.566,59,4H/5
64,Tyler Austin\austity01,26,.767,105,3D/H
65,Tyler Austin\austity01,26,.751,101,3/D
66,Tyler Austin\austity01,26,.782,109,D3/H
67,Abiatal Avelino\aveliab01,23,.545,53,/6H4
68,Alex Avila*\avilaal01,31,.603,61,2H/31
69,Luis Avilan*\avilalu01,28,.000,-100,1
70,Luis Avilan*\avilalu01,28,.000,-100,1
71,Luis Avilan*\avilalu01,28,,,1
72,John Axford\axforjo01,35,,,1
73,John Axford\axforjo01,35,,,1
74,John Axford\axforjo01,35,,,/1
75,Harrison Bader\baderha01,24,.756,106,*89H/7
76,Javier Baez\baezja01,25,.881,129,465/H3
77,Pedro Baez\baezpe01,30,.000,-100,1
78,Sandy Baez\baezsa01,24,,,/1
79,Homer Bailey\baileho02,32,.264,-28,1
80,Jett Bandy\bandyje01,28,.533,44,2/H
81,Johnny Barbato\barbajo01,25,,,/1
82,Austin Barnes\barneau01,28,.619,72,2H4
83,Brandon Barnes\barnebr02,32,.754,103,9/H874
84,Danny Barnes*\barneda02,28,,,1
85,Jacob Barnes\barneja01,28,,,1
86,Matt Barnes\barnema01,28,,,1
87,Tony Barnette\barneto01,34,,,1
88,Tucker Barnhart*\barnhtu01,27,.699,88,*2H3
89,Steven Baron\baronst01,27,.400,11,/2H
90,Kyle Barraclough\barraky01,28,,,1
91,Franklin Barreto\barrefr02,22,.746,100,4/H6D
92,Jake Barrett\barreja01,26,,,/1
93,Jaime Barria\barrija01,21,.000,-100,1
94,Tyler Bashlor\bashlty01,25,.000,-100,1
95,Anthony Bass\bassan01,30,,,1
96,Trevor Bauer\bauertr01,27,.000,-100,1
97,Jake Bauers*\bauerja01,22,.700,94,37/DH9
98,Buddy Baumann*\baumabu01,30,.000,-100,/1
99,Buddy Baumann*\baumabu01,30,,,/1
100,Buddy Baumann*\baumabu01,30,.000,-100,/1
101,Gerson Bautista\bautige01,23,,,/1
102,Jose Bautista\bautijo02,37,.727,102,9H57/D34
103,Jose Bautista\bautijo02,37,.593,58,/5DH
104,Jose Bautista\bautijo02,37,.718,102,9H75/34D
105,Jose Bautista\bautijo02,37,.870,133,9H/5
106,Rafael Bautista\bautira01,25,.000,-100,/7H89
107,Chris Beck\beckch02,27,.000,-100,1
108,Chris Beck\beckch02,27,.000,-100,1
109,Chris Beck\beckch02,27,.000,-100,/1
110,Gordon Beckham\beckhgo01,31,.455,31,4/5H6D
111,Tim Beckham\beckhti01,28,.661,81,65/D4
112,Cam Bedrosian\bedroca01,26,,,1
113,Tyler Beede\beedety01,25,.000,-100,/1
114,Jalen Beeks*\beeksja02,24,.000,-100,1
115,Jalen Beeks*\beeksja02,24,.000,-100,1
116,Matt Belisle\belisma01,38,,,1
117,Matt Belisle\belisma01,38,,,1
118,Josh Bell#\belljo02,25,.768,111,*3H/D
119,Cody Bellinger*\bellico01,22,.814,120,*38H/97
120,Brandon Belt*\beltbr01,30,.756,110,3/7H
121,Adrian Beltre\beltrad01,39,.763,99,5D/H
122,Andrew Benintendi*\beninan01,23,.830,123,*78/H
123,Christian Bergman\bergmch01,30,1.000,184,/1
124,Jose Berrios\berrijo01,24,.000,-100,1
125,Jon Berti\bertijo01,28,.733,97,/4
126,Dellin Betances\betande01,30,.000,-100,1
127,Chad Bettis\bettich01,29,.227,-40,1
128,Mookie Betts\bettsmo01,25,1.078,186,*98/HD4
129,Joe Biagini\biagijo01,28,,,1
130,Jesse Biddle*\biddlje01,26,1.500,291,1
131,Shane Bieber\biebesh01,23,.900,142,1
132,Greg Bird*\birdgr01,25,.672,82,3/HD
133,Ty Blach\blachty01,27,.131,-61,1/H
134,Ray Black\blackra01,28,,,1
135,Paul Blackburn\blackpa01,24,.000,-100,/1
136,Charlie Blackmon*\blackch02,31,.860,115,*8/HD
137,Gregor Blanco*\blancgr01,34,.580,61,78H9
138,Alex Blandino\blandal01,25,.613,67,H456/3719
139,Jabari Blash\blashja01,28,.328,-6,9/7HD
140,Jeremy Bleich*\bleicje01,31,,,/1
141,Richard Bleier*\bleieri01,31,,,1
142,Jerry Blevins*\blevije01,34,1.000,183,1
143,Xander Bogaerts\bogaexa01,25,.883,135,*6/H
144,Jorge Bonifacio\bonifjo01,25,.672,84,9/7DH
145,Christopher Bostick\bostich01,25,.528,49,H/47
146,Christopher Bostick\bostich01,25,.000,-100,/7H
147,Christopher Bostick\bostich01,25,.598,68,H/47
148,David Bote\boteda01,25,.727,92,5H4/367
149,Justin Bour*\bourju01,30,.746,106,*3H/D
150,Justin Bour*\bourju01,30,.759,110,3/HD
151,Justin Bour*\bourju01,30,.643,72,H3
152,Peter Bourjos\bourjpe01,31,.603,60,7H/89
153,Matt Bowman\bowmama01,27,.000,-100,1
154,Brad Boxberger\boxbebr01,30,,,1
155,Matthew Boyd*\boydma01,27,.000,-100,1
156,Blaine Boyer\boyerbl01,36,,,1
157,Brad Brach\brachbr01,32,,,1
158,Brad Brach\brachbr01,32,,,1
159,Brad Brach\brachbr01,32,,,1
160,Silvino Bracho\brachsi01,25,,,1
161,Archie Bradley\bradlar01,25,,,1
162,Jackie Bradley Jr.*\bradlja02,28,.717,92,*89/HD
163,Michael Brantley*\brantmi02,31,.832,124,*7/DH
164,Ryan Brasier\brasiry01,30,,,1
165,Steven Brault*\braulst01,26,.390,8,1/H
166,Ryan Braun\braunry02,34,.782,107,7H3/D9
167,John Brebbia*\brebbjo01,28,.000,-100,1
168,Alex Bregman\bregmal01,24,.926,152,*56/47
169,Colten Brewer\breweco01,25,,,1
170,Austin Brice\briceau01,26,.000,-100,1
171,Jose Briceno\bricejo01,25,.684,88,2/H3
172,Jeff Brigham\brighje01,26,.667,87,/1
173,Lewis Brinson\brinsle01,24,.577,58,8/H
174,Socrates Brito*\britoso01,25,.477,27,9H/78
175,Zack Britton*\brittza01,30,,,1
176,Zack Britton*\brittza01,30,,,1
177,Zack Britton*\brittza01,30,,,1
178,Rex Brothers*\brothre01,30,,,/1
179,Keon Broxton\broxtke01,28,.691,83,89H
180,Jay Bruce*\bruceja01,31,.680,90,93/HD
181,Kris Bryant\bryankr01,26,.834,121,597/3H
182,Clay Buchholz*\buchhcl01,33,.191,-49,1
183,Ryan Buchter*\buchtry01,31,,,1
184,Walker Buehler\buehlwa01,23,.363,1,1
185,Madison Bumgarner\bumgama01,28,.378,5,1/H
186,Aaron Bummer*\bummeaa01,24,,,1
187,Dylan Bundy#\bundydy01,25,.400,12,1
188,Nick Burdi\burdini01,25,,,/1
189,Corbin Burnes\burneco01,23,,,1
190,Matt Bush\bushma01,32,,,1
191,Drew Butera\buterdr01,34,.564,54,2/3D1H
192,Drew Butera\buterdr01,34,.548,51,2/3D1
193,Drew Butera\buterdr01,34,.741,86,/23H
194,Dan Butler\butleda01,31,.310,-17,/2
195,Eddie Butler\butleed01,27,.333,0,1
196,Eddie Butler\butleed01,27,.333,0,/1
197,Eddie Butler\butleed01,27,,,1
198,Ty Buttrey*\buttrty01,25,,,1
199,Byron Buxton\buxtoby01,24,.383,5,8/HD
200,Asdrubal Cabrera#\cabreas01,32,.774,111,465H/D
201,Asdrubal Cabrera#\cabreas01,32,.817,126,4/HD
202,Asdrubal Cabrera#\cabreas01,32,.678,80,65/HD4
203,Melky Cabrera#\cabreme01,33,.755,103,9/HD7
204,Miguel Cabrera\cabremi01,35,.843,128,3/DH
205,Lorenzo Cain\cainlo01,32,.813,119,*8/H
206,Kole Calhoun*\calhoko01,30,.652,79,*9/H8
207,Willie Calhoun*\calhowi01,23,.602,58,7/HD
208,Johan Camargo#\camarjo01,24,.806,115,*56/H4
209,Jeimer Candelario#\candeje01,24,.710,91,*5/H
210,Mark Canha\canhama01,29,.778,114,87H39/D
211,Robinson Cano*\canoro01,35,.845,136,43/5DH
212,Victor Caratini#\caratvi01,24,.597,60,2H3/51
213,Shane Carle\carlesh01,26,.000,-100,1
214,Matt Carpenter*\carpema01,32,.897,143,354/HD
215,Carlos Carrasco\carraca01,31,.500,37,1
216,Curt Casali\casalcu01,29,.805,115,2/H34
217,Andrew Cashner\cashnan01,31,.000,-100,1/H
218,Santiago Casilla\garcija01,37,,,1
219,Nicholas Castellanos\casteni01,26,.854,128,*9D/H
220,Diego Castillo\castidi01,24,.000,-100,1
221,Jose Castillo*\castijo03,22,.000,-100,1
222,Luis Castillo\castilu02,25,.250,-32,1
223,Welington Castillo\castiwe01,31,.710,94,2/DH
224,Daniel Castro\castrda01,25,.452,13,4/H6
225,Harold Castro*\castrha01,24,.600,64,/64H
226,Jason Castro*\castrja01,31,.495,37,2
227,Miguel Castro\castrmi01,23,,,1
228,Starlin Castro\castrst01,28,.729,102,*4/H
229,Jake Cave*\caveja01,25,.786,111,89H/7D
230,Brett Cecil\cecilbr01,31,,,1
231,Xavier Cedeno*\cedenxa01,31,,,1
232,Xavier Cedeno*\cedenxa01,31,,,1
233,Xavier Cedeno*\cedenxa01,31,,,1
234,Juan Centeno*\centeju01,28,.454,18,2
235,Francisco Cervelli\cervefr01,32,.809,123,2/3HD
236,Yoenis Céspedes\cespeyo01,32,.821,126,7/HD
237,Luis Cessa\cessalu01,26,.000,-100,1
238,Jhoulys Chacin\chacijh01,30,.382,4,1/H
239,Andrew Chafin\chafian01,28,,,1
240,Aroldis Chapman*\chapmar01,30,,,1
241,Matt Chapman\chapmma01,25,.864,137,*5
242,JT Chargois#\chargjt01,27,.000,-100,1
243,Tyler Chatwood\chatwty01,28,.352,-4,1/H
244,Jesse Chavez\chaveje01,34,.000,-100,1
245,Jesse Chavez\chaveje01,34,.000,-100,1
246,Jesse Chavez\chaveje01,34,,,1
247,Wei-Yin Chen\chenwe02,32,.325,-10,1/H
248,Robinson Chirinos\chiriro01,34,.757,99,2/HD
249,Yonny Chirinos\chiriyo01,24,.000,-100,1
250,Lonnie Chisenhall*\chiselo01,29,.846,129,9/H
251,Ji-Man Choi*\choiji01,27,.863,135,D/H37
252,Ji-Man Choi*\choiji01,27,.781,104,/DH37
253,Ji-Man Choi*\choiji01,27,.877,141,D/H3
254,Shin-Soo Choo*\choosh01,35,.810,114,D97/H
255,Adam Cimber\cimbead01,27,.000,-100,1
256,Adam Cimber\cimbead01,27,.000,-100,1
257,Tony Cingrani*\cingrto01,28,,,1
258,Steve Cishek\cishest01,32,.333,-11,1/7
259,Nick Ciuffo*\ciuffni01,23,.559,56,2
260,Alex Claudio*\claudal01,26,,,1
261,Mike Clevinger\clevimi01,27,.000,-100,1
262,Tyler Clippard\clippty01,33,,,1
263,Tyler Cloyd\cloydty01,31,.000,-100,/1
264,Alex Cobb\cobbal01,30,.333,-7,1
265,A.J. Cole\coleaj01,26,1.667,311,1
266,A.J. Cole\coleaj01,26,1.667,311,/1
267,A.J. Cole\coleaj01,26,,,1
268,Gerrit Cole\colege01,27,.000,-100,1
269,Taylor Cole\coleta01,28,,,1
270,Louis Coleman\colemlo01,32,,,1
271,Tim Collins*\colliti01,28,,,1
272,Alex Colome\colomal01,29,,,1
273,Alex Colome\colomal01,29,,,1
274,Bartolo Colon\colonba01,45,.000,-100,1
275,Michael Conforto*\confomi01,25,.797,122,*789H/D
276,Adam Conley*\conlead01,28,,,1
277,P.J. Conlon*\conlopj01,24,.667,88,/1
278,Willson Contreras\contrwi01,26,.730,94,*2H/73
279,Garrett Cooper\coopega03,27,.558,59,/73H9
280,Scott Copeland\copelsc01,30,,,/1
281,Patrick Corbin*\corbipa01,28,.435,17,1
282,Daniel Corcino\corcida01,27,.000,-100,/1
283,Ryan Cordell\cordery01,26,.341,-8,/98H
284,Franchy Cordero*\cordefr02,23,.746,105,78/H9
285,Jimmy Cordero\cordeji01,26,,,1
286,Carlos Correa\correca01,23,.728,99,*6/D
287,Danny Coulombe*\couloda01,28,,,1
288,Dylan Covey\coveydy01,26,.000,-100,1
289,Kaleb Cowart#\cowarka01,26,.451,25,54/367HD
290,Zack Cozart\cozarza01,32,.658,81,546
291,Dylan Cozens*\cozendy01,24,.562,52,H/79
292,Brandon Crawford*\crawfbr01,31,.719,100,*6/H
293,J.P. Crawford*\crawfjp01,23,.712,90,65H
294,Kyle Crick*\crickky01,25,,,1
295,Kyle Crockett*\crockky01,26,,,1
296,C.J. Cron\croncj01,28,.816,123,D3H
297,Nelson Cruz\cruzne02,37,.850,135,*D/H9
298,Tony Cruz\cruzto03,31,.462,20,/2H
299,Johnny Cueto\cuetojo01,32,.000,-100,/1
300,Noel Cuevas\cuevano01,26,.583,48,H97/8
301,William Cuevas#\cuevawi01,27,,,/1
302,Charlie Culberson\culbech01,29,.792,111,H756/4391
303,Zac Curtis*\curtiza01,25,,,1
304,Zac Curtis*\curtiza01,25,,,/1
305,Cheslor Cuthbert\cuthbch01,25,.583,61,53/DH
306,Chase d'Arnaud\darnach01,31,.618,70,H45/316
307,Travis d'Arnaud\darnatr01,29,.650,79,/2
308,David Dahl*\dahlda01,24,.859,113,79H/8
309,Yu Darvish\darviyu01,31,.250,-36,/1
310,Matt Davidson\davidma02,27,.738,102,D35/H1
311,Zach Davies\davieza02,25,.133,-64,1
312,Austin Davis*\davisau01,25,.000,-100,1
313,Chris Davis*\davisch02,32,.539,49,*3D/H
314,J.D. Davis\davisjd01,25,.471,32,53/H71
315,Jonathan Davis\davisjo05,26,.499,40,/87HD
316,Khris Davis\daviskh01,30,.874,137,*D7/H
317,Rajai Davis\davisra01,37,.559,53,8H7D/9
318,Taylor Davis\davista01,28,.733,95,/2H3
319,Wade Davis\daviswa01,32,,,1
320,Jorge De La Rosa*\rosajo01,37,.500,50,1/H
321,Jorge De La Rosa*\rosajo01,37,.500,50,1/H
322,Jorge De La Rosa*\rosajo01,37,,,1
323,Enyel De Los Santos\delosen01,22,.000,-100,/1
324,Austin Dean\deanau01,24,.642,77,7/H
325,Jacob deGrom*\degroja01,30,.390,11,1
326,Paul DeJong\dejonpa01,24,.746,102,*6/H
327,Randall Delgado\delgara01,28,,,1
328,Nicky Delmonico*\delmoni01,25,.669,84,7/H3D
329,Matt den Dekker*\dendema01,30,.095,-70,/8H
330,Daniel Descalso*\descada01,31,.789,108,4H53/D71
331,Anthony DeSclafani\desclan01,28,.357,-6,1
332,Delino DeShields\deshide02,25,.591,58,8/HD
333,Ian Desmond\desmoia01,32,.729,83,*37H/68D
334,Odrisamer Despaigne\despaod01,31,.400,12,1
335,Odrisamer Despaigne\despaod01,31,.500,40,1
336,Odrisamer Despaigne\despaod01,31,.000,-100,/1
337,Chris Devenski\devench02,27,,,1
338,Rafael Devers*\deverra01,21,.731,94,*5/HD
339,Aledmys Díaz\diazal02,27,.756,105,65/HD
340,Edwin Diaz\diazed04,24,,,1
341,Elias Diaz\diazel01,27,.792,116,2H/D
342,Miguel Diaz\diazmi02,23,,,1
343,Yandy Díaz\diazya01,26,.797,116,D/35H
344,Corey Dickerson*\dickeco01,29,.804,119,*7H/D
345,Jake Diekman*\diekmja01,31,,,1
346,Jake Diekman*\diekmja01,31,,,1
347,Jake Diekman*\diekmja01,31,,,1
348,Derek Dietrich*\dietrde01,28,.751,107,73H/4D59
349,Wilmer Difo#\difowi01,26,.649,71,*4H5/68
350,Brandon Dixon\dixonbr01,26,.574,51,3H9/4751
351,Seranthony Dominguez\dominse01,23,.500,52,1
352,Josh Donaldson\donaljo02,32,.801,119,5D/H3
353,Josh Donaldson\donaljo02,32,.757,108,5D/3
354,Josh Donaldson\donaljo02,32,.920,147,5/DH
355,Sean Doolittle*\doolise01,31,,,1
356,Brian Dozier\doziebr01,31,.696,89,*4/H
357,Brian Dozier\doziebr01,31,.712,93,4/H
358,Brian Dozier\doziebr01,31,.650,77,4/H
359,Hunter Dozier\doziehu01,26,.673,82,35/DH9
360,Oliver Drake\drakeol01,31,,,1
361,Oliver Drake\drakeol01,31,,,1
362,Oliver Drake\drakeol01,31,,,1
363,Oliver Drake\drakeol01,31,,,/1
364,Oliver Drake\drakeol01,31,,,/1
365,Brandon Drury\drurybr01,25,.516,43,5/4H3D6
366,Brandon Drury\drurybr01,25,.538,48,/54H3D
367,Brandon Drury\drurybr01,25,.472,32,/54H6
368,Lucas Duda*\dudalu01,32,.731,98,3DH
369,Lucas Duda*\dudalu01,32,.723,96,3D/H
370,Lucas Duda*\dudalu01,32,.864,130,H/3
371,Brian Duensing*\duensbr01,35,.500,51,1/7
372,Danny Duffy*\duffyda01,29,.000,-100,1
373,Matt Duffy\duffyma01,27,.727,104,*5/DH6
374,Steven Duggar*\duggast01,24,.693,92,8/H
375,Zach Duke*\dukeza01,35,.000,-100,1
376,Zach Duke*\dukeza01,35,.000,-100,1
377,Zach Duke*\dukeza01,35,,,1
378,Ryan Dull\dullry01,28,,,1
379,Mike Dunn*\dunnmi01,33,,,1
380,Adam Duvall\duvalad01,29,.639,70,7H3/95
381,Adam Duvall\duvalad01,29,.685,82,7H3/5
382,Adam Duvall\duvalad01,29,.344,-5,H7/9
383,Jarrod Dyson*\dysonja01,33,.539,45,89/H7
384,Sam Dyson\dysonsa01,30,,,1
385,Adam Eaton*\eatonad02,29,.805,114,9H7/D
386,Carl Edwards Jr.\edwarca01,26,,,1
387,Zach Eflin\eflinza01,24,.250,-35,1/H
388,Jerad Eickhoff\eickhje01,27,.000,-100,/1
389,Roenis Elias*\eliasro01,29,1.000,184,1
390,A.J. Ellis\ellisaj01,37,.722,104,2H/D7
391,Edwin Encarnacion\encared01,35,.810,116,*D3
392,Adam Engel\engelad01,26,.614,69,*8/HD
393,Nathan Eovaldi\eovalna01,28,.311,-10,1/H
394,Nathan Eovaldi\eovalna01,28,.286,-20,1/H
395,Nathan Eovaldi\eovalna01,28,.333,3,1
396,Robbie Erlin\erlinro01,27,.467,33,1/H
397,Phil Ervin\ervinph01,25,.728,94,79H/81
398,Alcides Escobar\escobal02,31,.593,63,65/84
399,Eduardo Escobar#\escobed01,29,.824,119,*56/H4
400,Eduardo Escobar#\escobed01,29,.852,128,56/H4
401,Eduardo Escobar#\escobed01,29,.772,102,5/H
402,Marco Estrada\estrama01,34,.000,-100,1
403,Phillip Evans\evansph01,25,.360,4,H/5437
404,Jeurys Familia\familje01,28,,,1
405,Jeurys Familia\familje01,28,,,1
406,Buck Farmer*\farmebu01,27,,,1
407,Kyle Farmer\farmeky01,27,.635,74,5H/32
408,Luke Farrell*\farrelu01,27,.000,-100,1
409,Erick Fedde\feddeer01,25,.180,-50,1
410,Tim Federowicz\federti01,30,.662,78,2/H
411,Tim Federowicz\federti01,30,.523,43,2
412,Tim Federowicz\federti01,30,1.429,268,/2H
413,Michael Feliz\felizmi01,25,.000,-100,1
414,Caleb Ferguson\ferguca01,21,.400,10,1/H
415,Jose Fernandez*\fernajo04,25,,,1
416,Jose Miguel Fernandez*\fernajo03,30,.697,92,3/H5D4
417,Matt Festa\festama01,25,,,/1
418,Johnny Field\fieldjo04,26,.657,78,798H/D1
419,Johnny Field\fieldjo04,26,.626,71,978/HD1
420,Johnny Field\fieldjo04,26,.759,101,7/9H8D
421,Josh Fields\fieldjo03,32,,,1
422,Heath Fillmyer\fillmhe01,24,.750,98,1
423,Brandon Finnegan*\finnebr01,25,.000,-100,/1
424,Derek Fisher*\fishede01,24,.602,61,7/8H9D
425,Jack Flaherty\flaheja01,22,.340,-5,1/H
426,Ryan Flaherty*\flahery01,31,.590,61,5H/34
427,David Fletcher\fletcda02,24,.678,88,45/H69
428,Chris Flexen\flexech01,23,,,/1
429,Wilmer Flores\florewi01,26,.736,105,3H45/D
430,Pedro Florimon#\floripe01,31,.699,84,H6/49158
431,Dylan Floro*\florody01,27,.000,-100,1
432,Dylan Floro*\florody01,27,.000,-100,1
433,Dylan Floro*\florody01,27,,,1
434,Tyler Flowers\flowety01,32,.700,90,2/HD
435,Brian Flynn*\flynnbr01,28,.000,-100,1
436,Mike Foltynewicz\foltymi01,26,.121,-68,1
437,Wilmer Font\fontwi01,28,,,1
438,Wilmer Font\fontwi01,28,,,1
439,Wilmer Font\fontwi01,28,,,/1
440,Wilmer Font\fontwi01,28,,,/1
441,Nolan Fontana*\fontano01,27,.530,41,/H456
442,Logan Forsythe\forsylo01,31,.604,67,4H5/3D7
443,Logan Forsythe\forsylo01,31,.560,54,45H/3
444,Logan Forsythe\forsylo01,31,.648,81,4/D7H
445,Dexter Fowler#\fowlede01,32,.576,59,9H
446,Dustin Fowler*\fowledu01,23,.610,68,8H/79
447,Maikel Franco\francma02,25,.780,106,*5H/D
448,Nick Franklin#\frankni01,27,.000,-100,/4
449,Adam Frazier*\fraziad01,26,.798,118,4H79/8D
450,Clint Frazier\frazicl01,23,.743,107,/7H8D
451,Todd Frazier\frazito01,32,.693,93,*5/HD
452,Kyle Freeland*\freelky01,25,.242,-38,1
453,Freddie Freeman*\freemfr01,28,.892,139,*3/H
454,Mike Freeman*\freemmi01,30,,,/4
455,Sam Freeman\freemsa01,31,.000,-100,1
456,David Freese\freesda01,35,.830,126,5H3/D
457,David Freese\freesda01,35,.780,113,5H3/D
458,David Freese\freesda01,35,1.130,206,3/H5
459,David Freitas\freitda01,29,.589,66,2/3H
460,Max Fried*\friedma01,24,.250,-32,1
461,Jace Fry*\fryja01,24,,,1
462,Paul Fry*\frypa01,25,,,1
463,Carson Fulmer\fulmeca01,24,,,/1
464,Michael Fulmer\fulmemi01,25,.000,-100,1
465,Drew Gagnon\gagnodr01,28,.000,-100,/1
466,Rocky Gale\galero01,30,.000,-100,/2H
467,Cam Gallagher\gallaca01,25,.552,51,2/D
468,Yovani Gallardo\gallayo01,32,.000,-100,1
469,Yovani Gallardo\gallayo01,32,,,/1
470,Yovani Gallardo\gallayo01,32,.000,-100,1
471,Giovanny Gallegos\gallegi01,26,.000,-100,/1
472,Giovanny Gallegos\gallegi01,26,.000,-100,/1
473,Giovanny Gallegos\gallegi01,26,,,/1
474,Joey Gallo*\gallojo01,24,.810,109,7398H/D
475,Isaac Galloway\gallois01,28,.692,91,7H98
476,Freddy Galvis#\galvifr01,28,.680,88,*6/4
477,Ben Gamel*\gamelbe01,26,.728,106,79H/D83
478,John Gant\gantjo01,25,.323,-17,1/H
479,Adolis García\garciad02,25,.294,-21,H/978
480,Aramis Garcia\garciar01,25,.800,119,3/2H
481,Avisail Garcia\garciav01,27,.719,95,9/D
482,Greg Garcia*\garcigr01,28,.613,70,H465/1
483,Jaime Garcia*\garcija02,31,.000,-100,1
484,Jaime Garcia*\garcija02,31,.000,-100,1
485,Jaime Garcia*\garcija02,31,,,/1
486,Jarlin Garcia*\garcija04,25,.100,-69,1
487,Leury Garcia#\garcile02,27,.679,87,789H/465
488,Luis Garcia\garcilu03,31,,,1
489,Yimi Garcia\garciyi01,27,,,1
490,Brett Gardner*\gardnbr01,34,.690,89,*78/H
491,Dustin Garneau\garnedu01,30,1.167,232,/2
492,Amir Garrett\garream01,26,.000,-100,1
493,Mitch Garver\garvemi01,27,.749,104,2H/D31
494,Evan Gattis\gattiev01,31,.736,98,*DH/2
495,Kevin Gausman*\gausmke01,27,.248,-27,1/H
496,Kevin Gausman*\gausmke01,27,.000,-100,1
497,Kevin Gausman*\gausmke01,27,.270,-21,1/H
498,Sam Gaviglio\gavigsa01,28,1.000,167,1
499,Cory Gearrin\gearrco01,32,,,1
500,Cory Gearrin\gearrco01,32,,,1
501,Cory Gearrin\gearrco01,32,,,1
502,Cory Gearrin\gearrco01,32,,,1
503,Scooter Gennett*\gennesc01,28,.847,125,*4/HD
504,Craig Gentry\gentrcr01,34,.668,85,798H
505,Mike Gerber*\gerbemi01,25,.289,-19,/7H8D9
506,Domingo German\germado01,25,.500,57,1
507,Kyle Gibson\gibsoky01,30,2.000,451,1
508,Ken Giles\gileske01,27,,,1
509,Ken Giles\gileske01,27,,,1
510,Ken Giles\gileske01,27,,,1
511,Chris Gimenez\gimench01,35,.621,67,2/H315D
512,Chris Gimenez\gimench01,35,.362,0,2/H1
513,Chris Gimenez\gimench01,35,.870,134,/23H5D1
514,Lucas Giolito\giolilu01,23,.000,-100,1
515,Mychal Givens\givenmy01,28,,,1
516,Tyler Glasnow*\glasnty01,24,.000,-100,1
517,Tyler Glasnow*\glasnty01,24,.000,-100,1
518,Koda Glover\gloveko01,25,,,1
519,Zack Godley\godleza01,28,.179,-50,1
520,Erik Goeddel\goedder01,29,,,1
521,Erik Goeddel\goedder01,29,,,1
522,Luiz Gohara*\goharlu01,21,.000,-100,/1
523,Ryan Goins*\goinsry01,30,.565,54,4/H56
524,Paul Goldschmidt\goldspa01,30,.922,142,*3/DH
525,Austin Gomber*\gombeau01,24,.474,29,1
526,Yan Gomes\gomesya01,30,.762,103,*2/HD
527,Carlos Gomez\gomezca01,32,.634,76,9H/D841
528,Miguel Gomez#\gomezmi01,25,.533,50,/H4
529,Roberto Gomez\gomezro01,28,.000,-100,/1
530,Marco Gonzales*\gonzama02,26,.000,-100,1
531,Adrian Gonzalez*\gonzaad01,36,.672,88,3/H
532,Alfredo Gonzalez\gonzaal04,25,.222,-38,/2
533,Carlos Gonzalez*\gonzaca01,32,.796,99,*9H/D
534,Erik Gonzalez\gonzaer01,26,.676,82,45H6/3D
535,Gio Gonzalez\gonzagi01,32,.194,-48,1
536,Gio Gonzalez\gonzagi01,32,.159,-58,1
537,Gio Gonzalez\gonzagi01,32,.393,10,/1
538,Marwin Gonzalez#\gonzama01,29,.733,101,7643/H58D9
539,Merandy Gonzalez\gonzame01,22,.500,40,/1
540,Niko Goodrum#\goodrni01,26,.747,100,43675H/9D
541,Brian Goodwin*\goodwbr01,27,.708,90,H879
542,Brian Goodwin*\goodwbr01,27,.674,78,H79/8
543,Brian Goodwin*\goodwbr01,27,.732,99,8/H7
544,Alex Gordon*\gordoal01,34,.694,90,*78/D9
545,Terrance Gore\gorete01,27,.400,7,H/7D
546,Phil Gosselin\gosseph01,29,.500,35,H/5347
547,Trevor Gott\gotttr01,25,,,1
548,Matt Grace*\gracema02,29,.667,77,1
549,Yasmani Grandal#\grandya01,29,.815,121,*2H/3
550,Curtis Granderson*\grandcu01,37,.782,115,97HD/8
551,Curtis Granderson*\grandcu01,37,.772,112,79HD/8
552,Curtis Granderson*\grandcu01,37,.846,128,9/H7
553,Juan Graterol\grateju01,29,.583,64,/2
554,Juan Graterol\grateju01,29,2.000,459,/2
555,Juan Graterol\grateju01,29,.393,12,/2
556,Brett Graves\gravebr01,25,.000,-100,1
557,Jon Gray\grayjo02,26,.243,-38,1
558,Sonny Gray\grayso01,28,.000,-100,1
559,Chad Green*\greench03,27,,,1
560,Shane Greene\greensh02,29,,,1
561,Luke Gregerson*\gregelu01,34,,,1
562,Didi Gregorius*\gregodi01,28,.829,124,*6/H
563,Grayson Greiner\greingr01,25,.609,68,2
564,Zack Greinke\greinza01,34,.566,50,1/H
565,Randal Grichuk\grichra01,26,.803,117,*98/HD7
566,Robbie Grossman#\grossro01,28,.751,106,9D7H
567,Robert Gsellman\gsellro01,24,.250,-21,1
568,Javy Guerra\guerrja01,32,,,1
569,Javy Guerra*\guerrja02,22,.388,14,/6H5
570,Junior Guerra\guerrju02,33,.314,-18,1
571,Gabriel Guerrero\guerrga01,24,.500,30,H/89
572,Tayron Guerrero\guerrta01,27,,,1
573,Taylor Guerrieri\guerrta02,25,,,/1
574,Luis Guillorme*\guilllu01,23,.523,49,H5/4
575,Preston Guilmet\guilmpr01,30,,,/1
576,Preston Guilmet\guilmpr01,30,,,/1
577,Lourdes Gurriel Jr.\gurrilo01,24,.755,106,64/H
578,Yuli Gurriel\gourryu01,34,.751,105,*354/DH6
579,Brandon Guyer\guyerbr01,32,.671,81,9H7/8D1
580,Ronald Guzman*\guzmaro01,23,.722,88,*3/H
581,Jedd Gyorko\gyorkje01,29,.762,108,5H4/361
582,Eric Haase\haaseer01,25,.301,-16,/2HD
583,Josh Hader*\haderjo01,24,1.000,171,1
584,David Hale\haleda02,30,,,/1
585,David Hale\haleda02,30,,,/1
586,David Hale\haleda02,30,,,
587,Matt Hall*\hallma02,24,,,/1
588,Cole Hamels*\hamelco01,34,.394,3,1
589,Cole Hamels*\hamelco01,34,.000,-100,1
590,Cole Hamels*\hamelco01,34,.428,12,1
591,Billy Hamilton#\hamilbi02,27,.626,69,*8/H9
592,Jason Hammel\hammeja01,35,.000,-100,1
593,Garrett Hampson\hampsga01,23,.796,103,H/648
594,Justin Hancock\hancoju01,27,.000,-100,1
595,Brad Hand*\handbr01,28,.000,-100,1
596,Brad Hand*\handbr01,28,.000,-100,1
597,Brad Hand*\handbr01,28,,,1
598,Eric Hanhold\hanhoer01,24,,,/1
599,Mitch Haniger\hanigmi01,27,.859,139,*98/7D
600,Alen Hanson#\hansoal01,25,.699,91,4H765/9
601,Ian Happ#\happia01,23,.761,102,*87H95/341
602,J.A. Happ*\happja01,35,.762,116,1
603,J.A. Happ*\happja01,35,.762,116,1
604,Blaine Hardy*\hardybl01,31,,,1
605,Bryce Harper*\harpebr03,25,.889,133,*98/H3D
606,Will Harris\harriwi10,33,,,1
607,Josh Harrison\harrijo05,30,.656,80,4H/5
608,Donnie Hart*\hartdo01,27,,,1
609,Matt Harvey\harvema01,29,.185,-49,1
610,Matt Harvey\harvema01,29,.571,61,/1
611,Matt Harvey\harvema01,29,.127,-64,1
612,Chris Hatcher#\hatchch02,33,,,1
613,Chase Headley#\headlch01,34,.368,7,H5/3D
614,Ryon Healy\healyry01,26,.688,91,*3/H5
615,Andrew Heaney*\heanean01,27,.250,-30,1
616,Adeiny Hechavarria\hechaad01,29,.624,72,6/5H
617,Adeiny Hechavarria\hechaad01,29,.615,70,6/5H
618,Adeiny Hechavarria\hechaad01,29,.621,73,6/H
619,Adeiny Hechavarria\hechaad01,29,.672,83,6/H
620,Adeiny Hechavarria\hechaad01,29,.577,55,6/5
621,Austin Hedges\hedgeau01,25,.711,95,2/HD
622,Jeremy Hellickson\hellije01,31,.156,-59,1
623,Heath Hembree\hembrhe01,29,.000,-100,1
624,Kyle Hendricks\hendrky01,28,.180,-51,1
625,Liam Hendriks\hendrli01,29,,,1
626,Guillermo Heredia\heredgu01,27,.661,87,*87H/D9
627,Michael Hermosillo\hermomi01,23,.608,67,89/7H
628,Cesar Hernandez#\hernace02,28,.718,94,*4/HD
629,David Hernandez\hernada01,33,.000,-100,1
630,Elieser Hernandez\hernael01,23,.000,-100,1
631,Enrique Hernandez\hernaen02,26,.806,117,84H697/531
632,Felix Hernandez\hernafe02,32,.000,-100,1
633,Gorkys Hernandez\hernago01,30,.676,87,*87H/9D
634,Teoscar Hernandez\hernate01,25,.771,109,*79H/D
635,Dilson Herrera\herredi01,24,.682,80,H47/53
636,Kelvin Herrera\herreke01,28,,,1
637,Kelvin Herrera\herreke01,28,,,1
638,Kelvin Herrera\herreke01,28,,,1
639,Odubel Herrera*\herreod01,26,.730,94,*8/97H
640,Rosell Herrera#\herrero02,25,.602,65,94H8/D57
641,Rosell Herrera#\herrero02,25,.308,-17,/H74
642,Rosell Herrera#\herrero02,25,.616,69,948/DH5
643,Chris Herrmann*\herrmch01,30,.743,107,2H/3
644,David Hess\hessda01,24,.333,5,1
645,Jason Heyward*\heywaja01,28,.731,94,*98/H
646,Aaron Hicks#\hicksaa01,28,.833,127,*8/HD
647,John Hicks\hicksjo02,28,.715,92,32/H
648,Jordan Hicks\hicksjo03,21,.000,-100,1
649,Kyle Higashioka\higasky01,28,.560,52,2/HD
650,Trevor Hildenberger\hildetr01,27,,,1
651,Rich Hill*\hillri01,38,.186,-49,1
652,Tim Hill\hillti01,28,.000,-100,1
653,Yoshihisa Hirano\hiranyo01,34,.000,-100,1
654,Jeff Hoffman\hoffmje02,25,,,/1
655,Bryan Holaday\holadbr01,30,.519,45,2H/1
656,Jonathan Holder\holdejo02,25,,,1
657,Derek Holland#\hollade01,31,.150,-58,1/H
658,Greg Holland\hollagr01,32,,,1
659,Greg Holland\hollagr01,32,,,1
660,Greg Holland\hollagr01,32,,,1
661,Matt Holliday\hollima01,38,.849,116,7H/3D
662,Clay Holmes\holmecl01,25,.000,-100,1
663,Brock Holt*\holtbr01,30,.774,109,46H9/375D
664,J.J. Hoover\hoovejj01,30,,,/1
665,Rhys Hoskins\hoskirh01,25,.850,125,*73/DH
666,Eric Hosmer*\hosmeer01,28,.720,100,*3/H
667,Adrian Houser\housead01,25,,,/1
668,Sam Howard\howarsa01,25,,,/1
669,Dakota Hudson\hudsoda02,23,.000,-100,1
670,Daniel Hudson\hudsoda01,31,.000,-100,1
671,Joe Hudson\hudsojo03,27,.417,13,/2H
672,Jared Hughes\hugheja02,32,,,1
673,Phil Hughes\hugheph01,32,.000,-100,1
674,Phil Hughes\hugheph01,32,,,/1
675,Phil Hughes\hugheph01,32,.000,-100,1
676,Nick Hundley\hundlni01,34,.706,95,2H/D
677,Tommy Hunter\hunteto02,31,.000,-100,1
678,Drew Hutchison*\hutchdr01,27,.650,80,1
679,Drew Hutchison*\hutchdr01,27,.833,131,1
680,Drew Hutchison*\hutchdr01,27,.000,-100,/1
681,Chris Iannetta\iannech01,35,.730,85,2H/D
682,José Iglesias\iglesjo01,28,.699,88,*6/HD
683,Raisel Iglesias\iglesra01,28,.000,-100,1
684,Ender Inciarte*\inciaen01,27,.705,90,*8/H
685,Austin Jackson\jacksau01,31,.624,75,8H/7
686,Austin Jackson\jacksau01,31,.604,71,8H/7
687,Austin Jackson\jacksau01,31,.639,79,8/H
688,Edwin Jackson\jacksed01,34,.000,-100,1
689,Luke Jackson\jackslu01,26,.500,52,1
690,Travis Jankowski*\jankotr01,27,.678,90,987H
691,Danny Jansen\janseda01,23,.779,115,2/HD
692,Kenley Jansen#\janseke01,30,,,1
693,Jon Jay*\jayjo02,33,.678,83,*978H/D
694,Jon Jay*\jayjo02,33,.737,104,78/9DH
695,Jon Jay*\jayjo02,33,.629,68,9H78
696,Jeremy Jeffress\jeffrje01,30,,,1
697,Dan Jennings*\jennida01,31,1.667,340,1
698,Williams Jerez*\jerezwi01,26,,,1
699,Joe Jimenez\jimenjo02,23,,,1
700,Brian Johnson*\johnsbr02,27,.500,36,1
701,DJ Johnson*\johnsdj01,28,,,/1
702,Jim Johnson\johnsji04,35,,,1
703,Pierce Johnson\johnspi01,27,.000,-100,1
704,Sherman Johnson*\johnssh01,27,.091,-71,/43H
705,Adam Jones\jonesad01,32,.732,101,*89/D7
706,JaCoby Jones\jonesja07,26,.630,69,*87H/D
707,Nate Jones\jonesna01,32,,,1
708,Ryder Jones*\jonesry01,24,1.500,297,/H35
709,Caleb Joseph\josepca01,32,.575,58,2/3
710,Corban Joseph*\josepco01,29,.541,50,/H34D
711,Matthew Joyce*\joycema01,33,.675,88,7HD/98
712,Aaron Judge\judgeaa01,26,.919,150,9D/H8
713,Jakob Junis\junisja01,25,.000,-100,1
714,Ariel Jurado\juradar01,22,,,1
715,Kevin Kaczmarski*\kaczmke01,26,.200,-37,/H9
716,Tommy Kahnle\kahnlto01,28,,,1
717,Jung Ho Kang\kangju01,31,.667,85,/H5
718,Keone Kela\kelake01,25,,,1
719,Keone Kela\kelake01,25,,,1
720,Brad Keller\kellebr01,22,.667,85,1
721,Shawn Kelley\kellesh01,34,.000,-100,1
722,Shawn Kelley\kellesh01,34,.000,-100,1
723,Carson Kelly\kellyca02,23,.319,-9,2/H
724,Casey Kelly\kellyca01,28,.000,-100,/1
725,Joe Kelly\kellyjo05,30,,,1
726,Ty Kelly#\kellyty01,29,.258,-25,/H457
727,Matt Kemp\kempma01,33,.818,121,*79H/D
728,Tony Kemp*\kempto01,26,.743,105,78H/4D9
729,Howie Kendrick\kendrho01,34,.805,110,4/7H3
730,Brett Kennedy\kennebr02,23,.000,-100,/1
731,Ian Kennedy\kenneia01,33,1.000,177,1
732,Max Kepler*\keplema01,25,.727,97,*98H/D3
733,Clayton Kershaw*\kershcl01,30,.622,73,1/H
734,Dallas Keuchel*\keuchda01,30,.000,-100,1
735,Spencer Kieboom\kiebosp01,27,.642,71,2/H35
736,Kevin Kiermaier*\kiermke01,28,.653,80,8/H
737,Craig Kimbrel\kimbrcr01,30,,,1
738,Isiah Kiner-Falefa\kineris01,23,.682,80,524H/D6
739,Scott Kingery\kingesc01,24,.605,61,*6H5/47981
740,Nick Kingham\kinghni01,26,.290,-18,1
741,Tyler Kinley\kinlety01,27,,,1
742,Tyler Kinley\kinlety01,27,,,/1
743,Ian Kinsler\kinslia01,36,.681,86,*4/H
744,Ian Kinsler\kinslia01,36,.710,94,4/H
745,Ian Kinsler\kinslia01,36,.604,64,4/H
746,Brandon Kintzler\kintzbr01,33,.000,-100,1
747,Brandon Kintzler\kintzbr01,33,,,1
748,Brandon Kintzler\kintzbr01,33,.000,-100,1
749,Jason Kipnis*\kipnija01,31,.704,90,*48/HD
750,Andrew Kittredge\kittran01,28,.000,-100,1
751,Patrick Kivlehan\kivlepa01,28,.824,112,/H7
752,Corey Kluber\klubeco01,32,.000,-100,1
753,Andrew Knapp#\knappan01,26,.610,64,2H/3
754,Corey Knebel\knebeco01,26,,,1
755,Matt Koch*\kochma01,27,.259,-26,1
756,Adam Kolarek*\kolarad01,29,,,1
757,George Kontos\kontoge01,33,,,1
758,George Kontos\kontoge01,33,,,/1
759,George Kontos\kontoge01,33,,,1
760,George Kontos\kontoge01,33,,,/1
761,Pete Kozma\kozmape01,30,.584,56,6/54HD
762,Kevin Kramer*\krameke01,24,.310,-13,H/54
763,Erik Kratz\kratzer01,38,.634,69,2/H13
764,Joey Krehbiel\krehbjo01,25,,,/1
765,Chad Kuhl\kuhlch01,25,.286,-21,1/H
766,Tommy La Stella*\lasteto01,29,.672,81,H54/D1
767,Juan Lagares\lagarju01,29,.765,116,8H
768,Ryan LaMarre\lamarry01,29,.704,93,87H/9D1
769,Ryan LaMarre\lamarry01,29,.634,75,8/H7D19
770,Ryan LaMarre\lamarry01,29,.809,120,7/H98
771,Jake Lamb*\lambja01,27,.655,74,5/H
772,Eric Lauer\lauerer01,23,.194,-46,1
773,Ramon Laureano\laurera01,23,.832,129,8/H
774,Ryan Lavarnway\lavarry01,30,1.500,311,/H
775,Derek Law\lawde01,27,2.000,463,/1
776,Casey Lawrence\lawreca01,30,,,1
777,Mike Leake\leakemi01,30,.000,-100,1
778,Wade LeBlanc*\leblawa01,33,.667,89,1
779,Jose Leclerc\leclejo01,24,,,1
780,Braxton Lee*\leebr01,24,.399,13,/9H7
781,Mark Leiter Jr.\leitema02,27,.000,-100,1
782,Mark Leiter Jr.\leitema02,27,.000,-100,1
783,DJ LeMahieu\lemahdj01,29,.749,88,*4/H
784,Sandy Leon#\leonsa01,29,.511,37,2/H
785,Dominic Leone\leonedo01,26,,,1
786,Jon Lester*\lestejo01,34,.288,-24,1/H
787,Artie Lewicki\lewicar01,26,,,1
788,Adam Liberatore*\liberad01,31,.000,-100,1
789,Tzu-Wei Lin*\lintz02,24,.744,100,6/H845D
790,Francisco Lindor#\lindofr01,24,.871,132,*6/D
791,Francisco Liriano*\liriafr01,34,.000,-100,1
792,Zack Littell\litteza01,22,,,/1
793,Ben Lively\livelbe01,26,.000,-100,1/H
794,Ben Lively\livelbe01,26,.000,-100,/1H
795,Ben Lively\livelbe01,26,,,/1
796,Jonathan Loaisiga\loaisjo01,23,.000,-100,/1
797,Jose Lobaton#\lobatjo01,33,.470,34,2/H
798,Tim Locastro\locasti01,25,.630,76,H/87
799,Walker Lockett\lockewa01,24,.200,-37,/1
800,Boone Logan\loganbo02,33,,,1
801,Evan Longoria\longoev01,32,.694,91,*5/H
802,Jorge Lopez\lopezjo02,25,1.500,290,1
803,Jorge Lopez\lopezjo02,25,1.500,290,1
804,Pablo Lopez*\lopezpa01,22,.423,20,1/H
805,Rafael Lopez*\lopezra02,30,.549,54,2/H35
806,Reynaldo Lopez\lopezre01,24,.000,-100,1
807,Yoan López\lopezyo01,25,,,1
808,Michael Lorenzen\lorenmi01,26,1.043,170,1H/9
809,Aaron Loup*\loupaa01,30,,,1
810,Aaron Loup*\loupaa01,30,,,1
811,Aaron Loup*\loupaa01,30,,,/1
812,Brandon Lowe*\lowebr01,23,.774,112,47/H9D
813,Jed Lowrie#\lowrije01,34,.801,121,*45/HD
814,Josh Lucas\lucasjo02,27,,,/1
815,Joey Lucchesi*\lucchjo01,25,.213,-37,1
816,Jonathan Lucroy\lucrojo01,32,.617,72,*2/HD
817,Dawel Lugo\lugoda01,23,.576,56,4/H
818,Seth Lugo\lugose01,28,.258,-25,1
819,Jordan Luplow\luplojo01,24,.631,72,7H9/8
820,Jordan Lyles\lylesjo01,27,.167,-48,1/H
821,Jordan Lyles\lylesjo01,27,.133,-58,1/H
822,Jordan Lyles\lylesjo01,27,.333,1,1
823,Lance Lynn#\lynnla01,31,.000,-100,1
824,Lance Lynn#\lynnla01,31,.000,-100,1
825,Lance Lynn#\lynnla01,31,.000,-100,1
826,Tyler Lyons*\lyonsty01,30,,,1
827,Dixon Machado\machadi01,26,.553,50,4/HD
828,Manny Machado\machama01,25,.905,145,*65
829,Manny Machado\machama01,25,.963,162,6
830,Manny Machado\machama01,25,.825,122,65
831,Ryan Madson*\madsory01,37,,,1
832,Ryan Madson*\madsory01,37,,,1
833,Ryan Madson*\madsory01,37,,,/1
834,Kenta Maeda\maedake01,30,.188,-48,1/H
835,Matt Magill\magilma01,28,.000,-100,1
836,Tyler Mahle\mahlety01,23,.299,-18,1/H
837,Mikie Mahtook\mahtomi01,28,.635,71,7/H98D
838,Luke Maile\mailelu01,27,.700,94,2/H
839,Kazuhisa Makita\makitka01,33,.000,-100,1
840,Martin Maldonado\maldoma01,31,.627,72,*2/H
841,Martin Maldonado\maldoma01,31,.616,70,2/H
842,Martin Maldonado\maldoma01,31,.655,77,2/H
843,Sean Manaea\manaese01,26,.400,12,1
844,Trey Mancini\mancitr01,26,.715,95,73D/H
845,Dillon Maples\mapledi01,26,,,/1
846,Manuel Margot\margoma01,23,.675,87,*8/H
847,Jake Marisnick\marisja01,27,.674,83,8H/D79
848,Mike Marjama\marjami01,28,.395,10,2/H
849,Nick Markakis*\markani01,34,.806,116,*9/7D
850,German Marquez\marquge01,23,.650,65,1
851,Deven Marrero\marrede01,27,.429,15,5H/4
852,Evan Marshall\marshev01,28,,,1
853,Jefry Marte\marteje01,27,.644,76,3H5/7D
854,Ketel Marte#\marteke01,24,.768,102,*46H
855,Starling Marte\martest01,29,.787,114,*8/H
856,Chris Martin\martich02,32,,,1
857,Leonys Martín*\martile01,30,.747,101,8/HD9
858,Leonys Martín*\martile01,30,.731,97,8/DH
859,Leonys Martín*\martile01,30,1.086,183,/8H9
860,Russell Martin\martiru01,35,.663,86,25/67
861,Carlos Martinez\martica04,26,.629,69,1/H
862,J.D. Martinez\martijd02,30,1.031,173,D79
863,Jose Martinez\martijo08,29,.821,124,39H/D
864,Victor Martinez#\martivi01,39,.651,76,*D/H3
865,Nick Martini*\martini02,28,.811,127,7H/89
866,Jeff Mathis\mathije01,35,.544,45,2/H41
867,Phil Maton\matonph01,25,,,1
868,Steven Matz\matzst01,27,.424,17,1
869,Joe Mauer*\mauerjo01,35,.729,100,3DH/29
870,Brandon Maurer\maurebr01,27,,,1
871,Bruce Maxwell*\maxwebr01,27,.516,41,2/HD
872,Cameron Maybin\maybica01,31,.662,86,*78H9
873,Cameron Maybin\maybica01,31,.681,90,7H89
874,Cameron Maybin\maybica01,31,.607,71,87/H
875,Mike Mayers\mayermi01,26,.500,55,1
876,Tim Mayza*\mayzati01,26,,,1
877,Nomar Mazara*\mazarno01,23,.753,96,*9D/7H
878,Cory Mazzoni\mazzoco01,28,,,/1
879,Zach McAllister\mcallza01,30,,,1
880,Zach McAllister\mcallza01,30,,,1
881,Brian McCann*\mccanbr01,34,.640,76,2/HD
882,James McCann\mccanja02,28,.581,57,*2/DH
883,Brandon McCarthy\mccarbr01,34,.276,-27,1
884,Kevin McCarthy\mccarke01,26,,,1
885,Adam McCreery*\mccread01,25,,,/1
886,Lance McCullers Jr.*\mcculla02,24,.000,-100,1
887,Andrew McCutchen\mccutan01,31,.792,120,*97/DH
888,Andrew McCutchen\mccutan01,31,.772,115,*9/HD
889,Andrew McCutchen\mccutan01,31,.892,145,97/D
890,T.J. McFarland*\mcfartj01,29,.000,-100,1
891,Jake McGee*\mcgeeja01,31,,,1
892,Kyle McGowin\mcgowky01,26,.000,-100,/1
893,Kyle McGrath*\mcgraky01,25,.000,-100,/1
894,Deck McGuire\mcguide02,29,.667,86,1
895,Deck McGuire\mcguide02,29,2.000,459,/1
896,Deck McGuire\mcguide02,29,.000,-100,1
897,Reese McGuire*\mcguire01,23,.914,146,2/H
898,Collin McHugh\mchugco01,31,,,1
899,Billy McKinney*\mckinbi01,23,.780,113,79/H3
900,Billy McKinney*\mckinbi01,23,.500,38,/7
901,Billy McKinney*\mckinbi01,23,.790,115,79/H3
902,Ryan McMahon*\mcmahry01,23,.683,72,H354
903,Jeff McNeil*\mcneije01,26,.852,138,4/H5
904,Alex McRae\mcraeal01,25,.000,-100,/1
905,Austin Meadows*\meadoau01,23,.785,114,98H7/D
906,Austin Meadows*\meadoau01,23,.795,116,897H
907,Austin Meadows*\meadoau01,23,.724,99,/9HD7
908,Kris Medlen#\medlekr01,32,.000,-100,/1
909,Ryan Meisinger\meisiry01,24,,,1
910,Adalberto Mejia\mejiaad01,25,.000,-100,/1
911,Francisco Mejia#\mejiafr01,22,.633,74,2/HD
912,Francisco Mejia#\mejiafr01,22,.500,55,/D
913,Francisco Mejia#\mejiafr01,22,.630,72,2/HD
914,Mark Melancon\melanma01,33,,,1
915,Keury Mella\mellake01,24,.000,-100,/1
916,Yohander Mendez*\mendeyo01,23,.000,-100,/1
917,Daniel Mengden\mengdda01,25,.667,87,1
918,Jordy Mercer\mercejo03,31,.696,91,*6
919,Whit Merrifield\merriwh01,29,.806,120,48D/937H
920,Devin Mesoraco\mesorde01,30,.700,93,2H/3D
921,Devin Mesoraco\mesorde01,30,.630,69,2/H3
922,Devin Mesoraco\mesorde01,30,.715,98,2H/D
923,Ben Meyer*\meyerbe02,25,.000,-100,1
924,Miles Mikolas\mikolmi01,29,.421,13,1/H
925,Wade Miley*\mileywa01,31,.399,9,1
926,Andrew Miller*\millean01,33,.000,-100,1
927,Brad Miller*\millebr02,28,.724,97,34H/D6
928,Brad Miller*\millebr02,28,.751,107,3/H4D
929,Brad Miller*\millebr02,28,.666,77,4/H63
930,Justin Miller\milleju02,31,.000,-100,1
931,Shelby Miller\millesh01,27,.200,-40,/1
932,Alec Mills\millsal02,26,.400,7,/1
933,Hoby Milner*\milneho01,27,,,1
934,Hoby Milner*\milneho01,27,,,1
935,Tommy Milone*\milonto01,31,.125,-63,/1
936,Juan Minaya\minayju01,27,,,1
937,Mike Minor\minormi01,30,1.000,154,1
938,A.J. Minter*\minteaj01,24,,,1
939,Bryan Mitchell*\mitchbr01,27,.222,-37,1
940,Yadier Molina\molinya01,35,.750,103,*2/3H
941,Yoan Moncada#\moncayo01,23,.714,96,*4/H
942,Adalberto Mondesi#\mondera02,22,.804,115,64/HD
943,Frankie Montas\montafr02,25,.000,-100,1
944,Miguel Montero*\montemi01,34,.154,-54,/2
945,Mike Montgomery*\montgmi01,28,.209,-43,1/H
946,Adam Moore\mooread01,34,.708,92,/2H
947,Matt Moore*\moorema02,29,,,1
948,Kendrys Morales#\moralke01,35,.769,111,DH3/51
949,Colin Moran*\moranco01,25,.747,105,*5H/D
950,Mitch Moreland*\morelmi01,32,.758,102,*3H/D
951,Adam Morgan*\morgaad01,28,,,1
952,Mike Morin\morinmi01,27,,,/1
953,Max Moroff#\morofma01,25,.640,75,4/H6
954,Reyes Moronta\moronre01,25,.000,-100,1
955,Akeel Morris\morriak01,25,,,/1
956,Logan Morrison*\morrilo01,30,.644,74,3DH/7
957,Brandon Morrow\morrobr01,33,.000,-100,1
958,Charlie Morton\mortoch02,34,.333,-7,1
959,Taylor Motter\motteta01,28,.472,32,/39H45D716
960,Taylor Motter\motteta01,28,.820,129,/3D71H
961,Taylor Motter\motteta01,28,.195,-43,/945H6
962,Mike Moustakas*\moustmi01,29,.774,107,*5D/H3
963,Mike Moustakas*\moustmi01,29,.778,109,5D/3H
964,Mike Moustakas*\moustmi01,29,.767,104,5/H
965,Gabriel Moya*\moyaga01,23,,,1
966,Peter Moylan\moylape01,39,,,1
967,Cedric Mullins#\mullice01,23,.671,86,8/7H
968,Max Muncy*\muncyma01,27,.973,161,35H4/7D
969,Yairo Munoz\munozya01,23,.763,109,645H9/78
970,Daniel Murphy*\murphda08,33,.790,107,43/HD
971,Daniel Murphy*\murphda08,33,.784,105,43/HD
972,Daniel Murphy*\murphda08,33,.800,110,4/HD
973,John Ryan Murphy\murphjr01,27,.619,61,2H/D
974,Tom Murphy\murphto04,27,.637,58,2H/D
975,Harrison Musgrave*\musgrha01,26,.000,-100,1
976,Joe Musgrove\musgrjo01,25,.355,-3,1/H
977,Wil Myers\myerswi01,27,.763,110,579/H38D
978,Tyler Naquin*\naquity01,27,.651,76,98H/7D
979,Omar Narvaez*\narvaom01,26,.794,119,2/HD
980,Efren Navarro*\navaref01,32,.333,-11,/3H
981,Zach Neal\nealza01,29,,,/1
982,Kristopher Negron\negrokr01,32,.555,54,/H57D496
983,Kristopher Negron\negrokr01,32,.667,78,/H9
984,Kristopher Negron\negrokr01,32,.544,52,/H57D469
985,Hector Neris\nerishe01,29,.000,-100,1
986,Pat Neshek#\neshepa01,37,,,1
987,Dovydas Neverauskas\neverdo01,25,,,1
988,Jake Newberry\newbeja01,23,,,1
989,Sean Newcomb*\newcose01,25,.132,-64,1
990,Kevin Newman\newmake01,24,.478,33,6/4H
991,Gift Ngoepe\ngoepgi01,28,.161,-53,/64H5D
992,Juan Nicasio\nicasju01,31,,,1
993,Tomas Nido\nidoto01,24,.438,23,2/H
994,Brandon Nimmo*\nimmobr01,25,.886,148,*987H
995,Jacob Nix\nixja02,22,.000,-100,/1
996,Aaron Nola\nolaaa01,25,.128,-65,1
997,Bud Norris\norribu01,33,,,1
998,Daniel Norris*\norrida01,25,.000,-100,1
999,James Norwood\norwoja01,24,.000,-100,1
1000,Jacob Nottingham\nottija01,23,.583,61,/2H
1001,Ivan Nova\novaiv01,31,.038,-90,1
1002,Eduardo Nunez\nunezed02,31,.677,81,45D/H
1003,Renato Nunez\nunezre01,24,.741,102,5/H7D
1004,Renato Nunez\nunezre01,24,.522,38,/57H
1005,Renato Nunez\nunezre01,24,.781,114,5/HD
1006,Vidal Nuno III*\nunovi01,30,2.000,461,1
1007,Peter O'Brien\obriepe01,27,.868,137,3/H9
1008,Darren O'Day\odayda01,35,,,1
1009,Chris O'Grady\ogradch01,28,,,/1
1010,Ryan O'Hearn*\ohearry01,24,.950,154,3D/H7
1011,Tyler O'Neill\oneilty01,23,.803,115,H97/8
1012,Scott Oberg\obergsc01,28,,,1
1013,Rougned Odor*\odorro01,24,.751,96,*4/DH
1014,Jake Odorizzi\odorija01,28,.000,-100,1/H
1015,Seunghwan Oh\ohse01,35,,,1
1016,Seunghwan Oh\ohse01,35,,,1
1017,Seunghwan Oh\ohse01,35,,,1
1018,Shohei Ohtani*\ohtansh01,23,.925,151,DH1
1019,Steven Okert*\okertst01,26,,,1
1020,Matt Olson*\olsonma02,24,.788,117,*3/H
1021,Tyler Olson\olsonty01,28,,,1
1022,Nate Orf\orfna01,28,.478,29,H/4659
1023,Paulo Orlando\orlanpa01,32,.394,9,8/D79
1024,Rafael Ortega*\ortegra01,27,.557,57,97/H
1025,Josh Osich*\osichjo01,29,,,1
1026,Jose Osuna\osunajo01,25,.648,75,H3/59
1027,Roberto Osuna\osunaro01,23,,,1
1028,Roberto Osuna\osunaro01,23,,,1
1029,Corey Oswalt\oswalco01,24,.000,-100,1
1030,Dan Otero\oteroda01,33,,,1
1031,Adam Ottavino#\ottavad01,32,,,1
1032,Chris Owings\owingch01,26,.574,53,9H85/47
1033,Marcell Ozuna\ozunama01,27,.758,106,*7/H
1034,Emilio Pagan*\paganem01,27,,,1
1035,Daniel Palka*\palkada01,26,.778,110,D97H
1036,Joe Panik*\panikjo01,27,.639,79,4H/3
1037,Thomas Pannone*\pannoth01,24,,,1
1038,Edward Paredes*\pareded02,31,,,1
1039,Blake Parker\parkebl01,33,,,1
1040,Gerardo Parra*\parrage01,31,.714,82,*7H9
1041,Wes Parsons\parsowe01,25,.000,-100,/1
1042,James Pazos\pazosja01,27,,,1
1043,Brad Peacock\peacobr01,30,.000,-100,1
1044,Steve Pearce\pearcst01,35,.890,140,3DH7/9
1045,Steve Pearce\pearcst01,35,.868,136,D/7H39
1046,Steve Pearce\pearcst01,35,.901,141,3DH/79
1047,Joc Pederson*\pederjo01,26,.843,125,*7H8/9
1048,Dustin Pedroia\pedrodu01,34,.322,-7,/4
1049,CD Pelham\pelhacd01,23,,,1
1050,Felix Pena\penafe01,28,.000,-100,1
1051,Francisco Pena\penafr01,28,.510,40,2/H3
1052,Hunter Pence\pencehu01,35,.590,64,7H9/D
1053,Cliff Pennington#\pennicl01,34,.403,13,/5H61
1054,David Peralta*\peralda01,30,.868,127,*7/H9
1055,Freddy Peralta\peralfr01,22,.077,-79,1
1056,Wandy Peralta*\peralwa01,26,.000,-100,1
1057,Wily Peralta\peralwi01,29,,,1
1058,Jose Peraza\perazjo01,24,.742,98,*6/H9
1059,Luis Perdomo\perdolu02,25,.472,32,1
1060,Carlos Perez\perezca02,27,.392,4,2/H
1061,Carlos Perez\perezca02,27,.325,-10,/2H
1062,Carlos Perez\perezca02,27,.421,10,2/H
1063,Cionel Pérez*\perezci01,22,,,/1
1064,Hernan Perez\perezhe01,27,.676,80,4H9567/381D
1065,Martin Perez*\perezma02,27,.000,-100,1
1066,Michael Perez*\perezmi03,25,.696,92,2/H
1067,Oliver Perez*\perezol01,36,,,1
1068,Roberto Perez\perezro02,29,.519,42,2/HD
1069,Salvador Perez\perezsa02,28,.713,91,2D/3H
1070,Dillon Peters*\peterdi01,25,.393,14,/1
1071,Dustin Peterson\peterdu01,23,.000,-100,/H
1072,Jace Peterson*\peterja01,28,.634,76,57H49/6D1
1073,Jace Peterson*\peterja01,28,.664,86,/79
1074,Jace Peterson*\peterja01,28,.633,76,57H49/6D1
1075,Tim Peterson\peterti01,27,.000,-100,1
1076,Gregorio Petit\petitgr01,33,.592,65,4/65H3D
1077,Yusmeiro Petit\petityu01,33,,,1
1078,Jake Petricka\petrija01,30,.000,-100,1
1079,Tommy Pham\phamth01,30,.830,127,*87/HD
1080,Tommy Pham\phamth01,30,.730,99,8/H
1081,Tommy Pham\phamth01,30,1.071,194,7/8D
1082,Josh Phegley\phegljo01,30,.599,65,2/H
1083,Brandon Phillips\phillbr01,37,.520,42,/45HD
1084,Brett Phillips*\phillbr02,24,.558,52,89/H7D
1085,Brett Phillips*\phillbr02,24,.523,41,/9H87
1086,Brett Phillips*\phillbr02,24,.565,54,8/9DH7
1087,Evan Phillips\phillev01,23,,,/1
1088,Evan Phillips\phillev01,23,,,/1
1089,Kevin Pillar\pillake01,29,.708,92,*8/H
1090,Manny Pina\pinama01,31,.702,87,2/H3
1091,Chad Pinder\pindech01,26,.769,112,7H45/9863D
1092,Jose Pirela\pireljo01,28,.645,80,4H7/39D
1093,Stephen Piscotty\piscost01,27,.821,124,*9/H
1094,Nick Pivetta\pivetni01,25,.268,-27,1/H
1095,Kevin Plawecki\plaweke01,27,.685,92,2/H3
1096,Trevor Plouffe\plouftr01,32,.750,95,/H549
1097,Adam Plutko\plutkad01,26,,,1
1098,Gregory Polanco*\polangr01,26,.839,128,*9/H
1099,Jorge Polanco#\polanjo01,24,.773,110,6/H
1100,AJ Pollock\polloaj01,30,.800,108,*8/H
1101,Drew Pomeranz\pomerdr01,29,,,1
1102,Dalton Pompey#\pompeda01,25,.473,35,/7H
1103,Daniel Ponce de Leon\ponceda01,26,.444,15,1/H
1104,Rick Porcello\porceri01,29,1.143,201,1
1105,Buster Posey\poseybu01,31,.741,108,23/HD
1106,Brooks Pounders\poundbr01,27,,,1
1107,Boog Powell*\powelbo02,25,.492,34,/8H
1108,Bobby Poyner*\poynebo01,25,,,1
1109,Martin Prado\pradoma01,34,.592,65,5/H3D
1110,Ryan Pressly\pressry01,29,,,1
1111,Ryan Pressly\pressry01,29,,,1
1112,Ryan Pressly\pressry01,29,,,1
1113,Jurickson Profar#\profaju01,25,.793,107,6534/HD7
1114,Austin Pruitt\pruitau01,28,,,1
1115,Yasiel Puig\puigya01,27,.820,120,*9H
1116,Albert Pujols\pujolal01,38,.700,91,3D
1117,Kevin Quackenbush\quackke01,29,,,1
1118,Roman Quinn#\quinnro01,25,.729,94,8H/9716
1119,Jose Quintana\quintjo01,29,.154,-59,1
1120,Tanner Rainey\raineta01,25,,,/1
1121,Erasmo Ramirez\ramirer02,28,.000,-100,1
1122,Hanley Ramirez\ramirha01,34,.708,90,3D
1123,Jose Ramirez#\ramirjo01,25,.939,151,*54/D
1124,Jose Ramirez\ramirjo02,28,,,/1
1125,Neil Ramirez\ramirne01,29,.000,-100,1
1126,Noe Ramirez\ramirno01,28,,,1
1127,Yefry Ramirez\ramirye01,24,.000,-100,1
1128,AJ Ramos\ramosaj01,31,,,1
1129,Edubray Ramos\ramosed02,25,,,1
1130,Wilson Ramos\ramoswi01,30,.845,130,2H/D
1131,Wilson Ramos\ramoswi01,30,.834,129,2/DH
1132,Wilson Ramos\ramoswi01,30,.879,135,2H
1133,Colby Rasmus*\rasmuco01,31,.426,18,9/H7D8
1134,Josh Ravin\ravinjo01,30,,,/1
1135,Robbie Ray*\rayro02,26,.178,-53,1/H
1136,J.T. Realmuto\realmjt01,27,.825,126,*23/HD
1137,Josh Reddick*\reddijo01,31,.718,97,*97H/D
1138,Addison Reed*\reedad01,29,,,1
1139,AJ Reed*\reedaj01,25,.000,-100,/3
1140,Cody Reed*\reedco01,25,.083,-75,1
1141,Michael Reed\reedmi02,25,.571,55,/H7
1142,Rob Refsnyder\refsnro01,27,.588,66,7D/H93
1143,Sean Reid-Foley\reidfse01,22,.000,-100,/1
1144,Jack Reinheimer\reinhja01,25,.452,32,H/7564
1145,Zac Reininger#\reiniza01,25,,,1
1146,Tony Renda\rendato01,27,,,/H
1147,Anthony Rendon\rendoan01,28,.909,137,*5
1148,Hunter Renfroe\renfrhu01,26,.805,120,79H/D
1149,Alex Reyes\reyesal02,23,.000,-100,/1
1150,Franmil Reyes\reyesfr01,22,.838,131,9H
1151,Jesus Reyes\reyesje01,25,,,/1
1152,Jose Reyes#\reyesjo01,35,.580,62,H564/1
1153,Pablo Reyes\reyespa01,24,.832,127,/97H54
1154,Victor Reyes#\reyesvi01,23,.526,42,H7D8/9
1155,Mark Reynolds\reynoma01,34,.803,109,3H5/4819
1156,Matt Reynolds\reynoma03,27,.368,0,H/5
1157,Jacob Rhame\rhameja01,25,.000,-100,1
1158,Clayton Richard*\richacl01,34,.346,-4,1/H
1159,Trevor Richards\richatr01,25,.158,-55,1
1160,Joey Rickard\rickajo01,27,.713,95,97/8H
1161,JT Riddle*\riddljt01,26,.653,80,6H
1162,Yacksel Rios\riosya01,25,.000,-100,1
1163,Rene Rivera\riverre01,34,.693,88,2/3HD
1164,Rene Rivera\riverre01,34,.726,97,2/3HD
1165,Rene Rivera\riverre01,34,.000,-100,/2
1166,Yadiel Rivera\riverya01,26,.485,37,H564/7389
1167,Anthony Rizzo*\rizzoan01,28,.846,124,*3/H41
1168,Tanner Roark\roarkta01,31,.475,25,1
1169,Daniel Robertson\roberda10,24,.797,122,465/H7D31
1170,David Robertson\roberda08,33,,,1
1171,Drew Robinson*\robindr01,26,.582,55,8H/745D96
1172,Shane Robinson\robinsh01,33,.432,19,9/7H8D
1173,Hansel Robles\robleha01,27,.000,-100,1
1174,Hansel Robles\robleha01,27,.000,-100,1
1175,Hansel Robles\robleha01,27,,,1
1176,Victor Robles\roblevi01,21,.874,127,8/H79
1177,Fernando Rodney\rodnefe01,41,,,1
1178,Fernando Rodney\rodnefe01,41,,,1
1179,Dereck Rodriguez\rodride01,26,.219,-40,1
1180,Eduardo Rodriguez*\rodried05,25,.000,-100,1
1181,Jefry Rodriguez\rodrije01,24,.438,14,1
1182,Richard Rodriguez\rodriri05,28,.000,-100,1
1183,Ronny Rodriguez\rodriro03,26,.591,59,6453/HD9
1184,Sean Rodriguez\rodrise01,33,.591,63,46H/78935
1185,Chaz Roe\roech01,31,,,1
1186,Taylor Rogers*\rogerta01,27,,,1
1187,Miguel Rojas\rojasmi02,29,.643,79,635H4
1188,Sal Romano*\romansa01,24,.139,-63,1
1189,Enny Romero\romeren01,27,3.000,698,/1
1190,Enny Romero\romeren01,27,3.000,698,/1
1191,Enny Romero\romeren01,27,,,/1
1192,Enny Romero\romeren01,27,3.000,698,/1
1193,Fernando Romero\romerfe01,23,.000,-100,1
1194,Andrew Romine#\rominan01,32,.504,44,H463/5D7189
1195,Austin Romine\rominau01,29,.713,93,2/H
1196,Sergio Romo\romose01,35,.000,-100,1/5
1197,Bruce Rondon\rondobr01,27,,,1
1198,Hector Rondon\rondohe01,30,,,1
1199,Jose Rondon\rondojo02,24,.750,102,HD6/543
1200,Adam Rosales\rosalad01,35,.671,77,/H3456
1201,Amed Rosario\rosaram01,22,.676,88,*6/H
1202,Eddie Rosario*\rosared01,26,.803,116,*7D/98H5
1203,Randy Rosario*\rosarra01,24,2.000,437,1
1204,Joe Ross\rossjo01,25,.000,-100,/1
1205,Tyson Ross\rossty01,31,.478,32,1/H
1206,Tyson Ross\rossty01,31,.333,-6,1/H
1207,Tyson Ross\rossty01,31,2.333,512,/1
1208,Zac Rosscup\rosscza01,30,,,1
1209,Ryan Rua\ruary01,28,.580,49,7H/398D1
1210,Drew Rucinski\rucindr01,29,.000,-100,1
1211,Rio Ruiz*\ruizri01,24,.350,1,H/5
1212,Chris Rusin*\rusinch01,31,1.000,156,1
1213,Addison Russell\russead02,24,.657,76,*6/H
1214,Hyun Jin Ryu\ryuhy01,31,.629,74,1/H
1215,Casey Sadler\sadleca02,27,.000,-100,/1
1216,Connor Sadzeck\sadzeco01,26,,,1
1217,Tyler Saladino\saladty01,28,.696,85,6H/45D
1218,Tyler Saladino\saladty01,28,.625,70,/H5D
1219,Tyler Saladino\saladty01,28,.701,86,6H/45
1220,Fernando Salas\salasfe01,33,.000,-100,1
1221,Chris Sale*\salech01,29,.000,-100,1
1222,Jarrod Saltalamacchia#\saltaja01,33,.125,-61,/H32D
1223,Jeff Samardzija\samarje01,33,.200,-44,1
1224,Aaron Sanchez\sanchaa01,25,.000,-100,1
1225,Adrian Sanchez\sanchad01,27,.633,67,4H/5
1226,Anibal Sanchez\sanchan01,34,.072,-80,1
1227,Gary Sanchez\sanchga02,25,.697,89,2D/H
1228,Yolmer Sanchez#\sanchca01,26,.678,87,*5/4H6D
1229,Pablo Sandoval#\sandopa01,31,.727,101,5H3/D41
1230,Miguel Sano\sanomi01,25,.679,83,53/DH
1231,Carlos Santana#\santaca01,32,.766,105,*35/H
1232,Danny Santana#\santada01,27,.567,54,/7H89
1233,Dennis Santana\santade01,22,1.500,296,/1H
1234,Domingo Santana\santado01,25,.740,97,9H/D
1235,Edgar Santana\santaed01,26,,,1
1236,Anthony Santander#\santaan02,23,.547,51,9/DH7
1237,Hector Santiago\santihe01,30,.000,-100,1
1238,Luis Santos\santolu01,27,,,1
1239,Luis Sardinas#\sardilu01,25,.478,31,/4H
1240,Warwick Saupold\saupowa01,28,.000,-100,1
1241,Scott Schebler*\schebsc01,27,.777,107,98/H7D
1242,Max Scherzer\scherma01,33,.545,45,1/H
1243,Ryan Schimpf*\schimry01,30,1.229,229,/H4579
1244,Jonathan Schoop\schoojo01,26,.682,84,*46H
1245,Jonathan Schoop\schoojo01,26,.720,95,4/6
1246,Jonathan Schoop\schoojo01,26,.577,53,46H
1247,Kyle Schwarber*\schwaky01,25,.823,117,*7H/D
1248,Robby Scott#\scottro02,28,,,/1
1249,Tanner Scott\scottta01,23,,,1
1250,Troy Scribner*\scribtr01,26,.000,-100,/1
1251,Corey Seager*\seageco01,24,.744,103,6/H
1252,Kyle Seager*\seageky01,30,.673,86,*5/H4D
1253,Jean Segura\segurje01,28,.755,112,*6
1254,Marcus Semien\semiema01,27,.706,95,*6
1255,Antonio Senzatela\senzaan01,23,.208,-48,1
1256,Luis Severino\severlu01,24,.000,-100,1
1257,Pedro Severino\severpe01,24,.501,34,2/H
1258,Paul Sewald\sewalpa01,28,.000,-100,1
1259,Kevin Shackelford\shackke01,29,.000,-100,/1
1260,Bryan Shaw#\shawbr01,30,,,1
1261,Chris Shaw*\shawch01,24,.552,55,7/H
1262,Travis Shaw*\shawtr01,28,.825,119,543/H
1263,James Sherfy\sherfji01,26,,,1
1264,Ryan Sherriff*\sherrry01,28,,,/1
1265,James Shields\shielja02,36,.333,-7,1
1266,Braden Shipley\shiplbr01,26,.000,-100,/1
1267,Chasen Shreve*\shrevch01,27,.000,-100,1
1268,Chasen Shreve*\shrevch01,27,,,1
1269,Chasen Shreve*\shrevch01,27,.000,-100,1
1270,JB Shuck*\shuckja01,31,.486,37,H97/8
1271,Magneuris Sierra*\sierrma01,22,.433,22,89/H
1272,Moises Sierra\sierrmo01,29,.420,12,7H/9
1273,Andrelton Simmons\simmoan01,28,.754,108,*6/D
1274,Lucas Sims\simslu01,24,.000,-100,/1
1275,Lucas Sims\simslu01,24,.000,-100,/1
1276,Lucas Sims\simslu01,24,.000,-100,/1
1277,Tony Sipp*\sippto01,34,,,1
1278,Chance Sisco*\siscoch01,23,.557,56,2H/D
1279,Eric Skoglund*\skogler01,25,.000,-100,1
1280,Matt Skole*\skolema01,28,.930,154,/D3
1281,Austin Slater\slateau01,25,.640,81,73H9
1282,Burch Smith\smithbu03,28,,,1
1283,Caleb Smith\smithca03,26,.273,-24,1
1284,Carson Smith\smithca02,28,,,1
1285,Dominic Smith*\smithdo02,23,.675,85,3H7/D
1286,Drew Smith\smithdr01,24,,,1
1287,Dwight Smith Jr.*\smithdw02,25,.824,125,7H/9D
1288,Joe Smith\smithjo05,34,,,1
1289,Kevan Smith\smithke04,30,.728,102,2/HD
1290,Mallex Smith*\smithma05,25,.773,115,*897/HD
1291,Murphy Smith\smithmu01,30,,,/1
1292,Will Smith\smithwi04,28,,,1
1293,Justin Smoak#\smoakju01,31,.808,122,*3D/H
1294,Josh Smoker*\smokejo01,29,,,/1
1295,Josh Smoker*\smokejo01,29,,,/1
1296,Jake Smolinski\smolija01,29,.376,4,8/H71
1297,Blake Snell*\snellbl01,25,.667,112,1
1298,D.J. Snelten*\sneltdj01,26,.000,-100,/1
1299,Brandon Snyder\snydebr03,31,.500,34,/5
1300,Chad Sobotka\sobotch01,24,2.000,444,1
1301,Miguel Socolovich\socolmi01,31,,,/1
1302,Eric Sogard*\sogarer01,32,.406,12,64H/7
1303,Yangervis Solarte#\solarya01,30,.655,79,54/D6H3
1304,Jorge Soler\solerjo01,26,.820,123,9/D
1305,Sammy Solis\solissa01,29,,,1
1306,Joakim Soria\soriajo01,34,,,1
1307,Joakim Soria\soriajo01,34,,,1
1308,Joakim Soria\soriajo01,34,,,1
1309,Mike Soroka\sorokmi01,20,.250,-32,/1
1310,Edmundo Sosa\sosaed01,22,.333,3,/H4
1311,Juan Soto*\sotoju01,19,.923,142,*7/H
1312,Steven Souza Jr.\souzast01,29,.678,79,9/H8
1313,Denard Span*\spande01,34,.760,112,*7HD/8
1314,Denard Span*\spande01,34,.749,109,7/HD
1315,Denard Span*\spande01,34,.765,113,7H/D8
1316,Cory Spangenberg*\spangco01,27,.661,84,45H/7D16
1317,George Springer\springe01,28,.780,114,*89D/H7
1318,Jeffrey Springs*\sprinje01,25,,,1
1319,Jacob Stallings\stallja01,28,.485,36,2/H
1320,Craig Stammen\stammcr01,34,,,1
1321,Ryne Stanek\stanery01,26,,,1
1322,Giancarlo Stanton\stantmi03,28,.852,130,D97/H
1323,Max Stassi\stassma01,27,.710,94,2H/D
1324,Drew Steckenrider\steckdr01,27,,,1
1325,Jackson Stephens\stephja01,24,.333,1,1
1326,Robert Stephenson\stephro01,25,.333,1,/1
1327,Andrew Stevenson*\stevean01,24,.626,66,H7/89
1328,Brock Stewart*\stewabr01,26,.000,-100,/1
1329,Chris Stewart\stewach01,36,.435,19,/2
1330,Chris Stewart\stewach01,36,.464,27,/2
1331,Chris Stewart\stewach01,36,.000,-100,/2
1332,Christin Stewart*\stewach02,24,.792,115,7/DH
1333,DJ Stewart*\stewadj01,24,.890,141,/7H9D
1334,Robert Stock*\stockro01,28,,,1
1335,Trevor Story\storytr01,25,.914,127,*6/H
1336,Matt Strahm\strahma01,26,.000,-100,1
1337,Dan Straily\straida01,29,.544,57,1/H
1338,Dee Strange-Gordon*\gordode01,30,.637,79,48/6HD
1339,Stephen Strasburg\strasst01,29,.285,-23,1
1340,Chris Stratton\stratch01,27,.299,-17,1
1341,Myles Straw\strawmy01,23,1.067,187,/9H87
1342,Hunter Strickland\strichu01,29,,,1
1343,Ross Stripling\stripro01,28,.182,-50,1/H
1344,Marcus Stroman\stromma01,27,.667,86,1
1345,Pedro Strop\stroppe01,33,.000,-100,1
1346,Daniel Stumpf*\stumpda01,27,,,1
1347,Andrew Suarez*\suarean01,25,.166,-52,1
1348,Eugenio Suarez\suareeu01,26,.892,136,*5/6H
1349,Ranger Suarez*\suarera01,22,.667,69,/1
1350,Jesus Sucre\sucreje01,30,.500,40,2/1H
1351,Wander Suero\suerowa01,26,.000,-100,1
1352,Andrew Susac\susacan01,28,.269,-26,/2H
1353,Brent Suter*\suterbr01,28,.669,80,1/H
1354,Ichiro Suzuki*\suzukic01,44,.460,33,7/DH9
1355,Kurt Suzuki\suzukku01,34,.776,107,2H/D
1356,Dansby Swanson\swansda01,24,.699,87,*6/H
1357,Anthony Swarzak\swarzan01,32,,,1
1358,Darnell Sweeney#\sweenda02,27,.500,58,/57
1359,Blake Swihart#\swihabl01,26,.613,65,2HD93/754
1360,Noah Syndergaard*\syndeno01,25,.313,-12,1
1361,Matt Szczur\szczuma01,28,.532,50,H79/8
1362,Jameson Taillon\taillja01,26,.174,-52,1
1363,Masahiro Tanaka\tanakma01,29,.000,-100,1
1364,Raimel Tapia*\tapiara01,24,.739,82,H/8D79
1365,Mike Tauchman*\tauchmi01,27,.319,-16,H/879
1366,Beau Taylor*\taylobe11,28,.733,103,/2HD
1367,Chris Taylor\tayloch03,27,.775,110,687H4
1368,Michael A. Taylor\taylomi02,27,.644,69,*8H/3D
1369,Junichi Tazawa\tazawju01,32,,,1
1370,Junichi Tazawa\tazawju01,32,,,1
1371,Julio Teheran\teherju01,27,.440,18,1
1372,Tomas Telis#\telisto01,27,.499,40,H/23D
1373,Rowdy Tellez*\tellero01,23,.943,153,3/HD
1374,Ryan Tepera\teperry01,30,,,1
1375,Eric Thames*\thameer01,31,.783,106,H937
1376,Jake Thompson\thompja03,24,.000,-100,/1
1377,Trayce Thompson\thomptr01,27,.373,2,9H/87
1378,Trayce Thompson\thomptr01,27,.286,-20,/8H
1379,Trayce Thompson\thomptr01,27,.378,4,9/H78
1380,Charlie Tilson*\tilsoch01,25,.623,75,7/H8D
1381,Carlos Tocci\toccica01,22,.555,47,8H9/7D1
1382,Andrew Toles*\tolesan01,26,.581,59,/H879
1383,Josh Tomlin\tomlijo01,33,,,1
1384,Kelby Tomlinson\tomlike01,28,.529,49,4H6/5
1385,Carlos Torres\torreca01,35,,,1
1386,Gleyber Torres\torregl01,21,.820,122,*46/H
1387,Ramon Torres#\torrera01,25,.421,16,/54
1388,Ronald Torreyes\torrero01,25,.664,81,45/6H
1389,Touki Toussaint\toussto01,22,.200,-46,/1H
1390,Blake Trahan\trahabl01,24,.429,16,/645H
1391,Devon Travis\travide01,27,.656,79,4/H
1392,Sam Travis\travisa01,24,.652,73,/H7D39
1393,Blake Treinen\treinbl01,30,,,1
1394,Jose Trevino\trevijo01,25,.500,33,/2H
1395,Lou Trivino\trivilo01,26,,,1
1396,Mike Trout\troutmi01,26,1.088,198,*8D/H
1397,Mark Trumbo\trumbma01,32,.764,108,D9/3H
1398,Jen-Ho Tseng*\tsengje01,23,,,/1
1399,Kyle Tucker*\tuckeky01,21,.439,23,7/H98
1400,Preston Tucker*\tuckepr01,27,.703,87,H7/9D
1401,Preston Tucker*\tuckepr01,27,.752,100,H7/9
1402,Preston Tucker*\tuckepr01,27,.664,77,7/HD
1403,Preston Tucker*\tuckepr01,27,.350,1,H
1404,Sam Tuivailala\tuivasa01,25,,,1
1405,Sam Tuivailala\tuivasa01,25,,,1
1406,Spencer Turnbull\turnbsp01,25,.000,-100,/1
1407,Jacob Turner\turneja01,27,,,/1
1408,Jacob Turner\turneja01,27,,,/1
1409,Justin Turner\turneju01,33,.924,151,5/HD
1410,Trea Turner\turnetr01,25,.760,100,*6/H
1411,Duane Underwood Jr.\underdu01,23,.000,-100,/1
1412,Justin Upton\uptonju01,30,.808,121,*7/DH
1413,Jose Urena\urenajo01,26,.124,-65,1/H
1414,Richard Urena#\urenari01,22,.703,95,64/H5
1415,Julio Urias*\uriasju01,21,.000,-100,/1
1416,Luis Urias\uriaslu01,21,.618,71,4
1417,Gio Urshela\urshegi01,26,.608,68,5/6HD
1418,Chase Utley*\utleych01,39,.610,68,4H/3
1419,Pat Valaika\valaipa01,25,.460,16,H43/56
1420,Luis Valbuena*\valbulu01,32,.588,61,53H/4D
1421,Jose Valdez\valdejo03,28,,,/1
1422,Danny Valencia\valenda01,33,.723,99,59D/H31
1423,Jesmuel Valentin#\valenje01,24,.562,51,H5/46791
1424,Breyvic Valera#\valerbr01,26,.567,59,4H/569
1425,Breyvic Valera#\valerbr01,26,.445,26,H/459
1426,Breyvic Valera#\valerbr01,26,.668,86,4/6
1427,Ildemaro Vargas#\vargail01,26,.618,61,H/546
1428,Jason Vargas*\vargaja01,35,.327,-7,1/H
1429,Jerry Vasto*\vastoje01,26,,,/1
1430,Jerry Vasto*\vastoje01,26,,,/1
1431,Christian Vazquez\vazquch01,27,.540,46,2/H5D
1432,Felipe Vazquez*\riverfe01,26,.000,-100,1
1433,Vince Velasquez\velasvi01,26,.475,28,1/H
1434,Andrew Velazquez#\velazan01,23,.817,130,/5H486D79
1435,Hector Velazquez\velazhe01,29,.000,-100,1
1436,Pat Venditte*\vendipa01,33,,,1
1437,Jonny Venters*\ventejo01,33,,,1
1438,Jonny Venters*\ventejo01,33,,,1
1439,Jonny Venters*\ventejo01,33,,,1
1440,Alex Verdugo*\verdual01,22,.706,93,9H7/8
1441,Drew VerHagen\verhadr01,27,.000,-100,1
1442,Justin Verlander\verlaju01,35,.400,11,1
1443,Engelb Vielma#\vielmen01,24,.393,14,/46
1444,Christian Villanueva\villach01,27,.750,106,5H/634
1445,Jonathan Villar#\villajo01,27,.709,93,*46H
1446,Jonathan Villar#\villajo01,27,.693,85,4H
1447,Jonathan Villar#\villajo01,27,.729,101,46
1448,Meibrys Viloria*\vilorme01,21,.619,70,2
1449,Zach Vincej\vinceza01,27,1.000,184,/5
1450,Nick Vincent\vinceni01,31,,,1
1451,Arodys Vizcaino\vizcaar01,27,,,1
1452,Daniel Vogelbach*\vogelda01,25,.691,95,3H/D
1453,Luke Voit\voitlu01,27,1.069,186,3/HD9
1454,Luke Voit\voitlu01,27,.762,106,/H3
1455,Luke Voit\voitlu01,27,1.095,193,3/DH9
1456,Chris Volstad\volstch01,31,,,1
1457,Austin Voth\vothau01,26,.000,-100,/1
1458,Joey Votto*\vottojo01,34,.837,126,*3/HD
1459,Michael Wacha\wachami01,26,.195,-45,1
1460,Tyler Wade*\wadety01,23,.487,33,4H/96587
1461,Bobby Wahl\wahlbo01,26,,,/1
1462,Adam Wainwright\wainwad01,36,.182,-50,/1
1463,Marcus Walden\waldema01,29,,,/1
1464,Mitch Walding*\waldimi01,25,.393,4,/H5
1465,Christian Walker\walkech02,27,.614,59,H/3D7
1466,Neil Walker#\walkene01,32,.664,82,3459H/D7
1467,Taijuan Walker\walketa01,25,.000,-100,/1
1468,Chad Wallach\wallach01,26,.541,52,2/H
1469,Taylor Ward\wardta01,24,.578,58,5
1470,Adam Warren\warread01,30,,,1
1471,Adam Warren\warread01,30,,,1
1472,Adam Warren\warread01,30,,,1
1473,Tony Watson*\watsoto01,33,,,1
1474,Luke Weaver\weavelu01,24,.337,-6,1/H
1475,Tyler Webb*\webbty01,27,.000,-100,1
1476,Tyler Webb*\webbty01,27,.000,-100,/1
1477,Tyler Webb*\webbty01,27,,,1
1478,Ryan Weber\weberry01,27,.000,-100,/1
1479,Allen Webster\webstal01,28,,,/1
1480,Zack Weiss\weissza01,26,,,/1
1481,J.B. Wendelken\wendejb01,25,,,1
1482,Joey Wendle*\wendljo01,28,.789,118,457H6/9
1483,Zack Wheeler*\wheelza01,28,.425,19,1
1484,Tyler White\whitety01,27,.888,140,3D/H
1485,Chase Whitley\whitlch01,29,,,/1
1486,Rowan Wick*\wickro01,25,,,1
1487,Brad Wieck*\wieckbr01,26,,,/1
1488,Matt Wieters#\wietema01,32,.704,86,2H
1489,Aaron Wilkerson\wilkeaa01,29,.000,-100,/1
1490,Stevie Wilkerson#\wilkest01,26,.464,29,/45H6
1491,Austen Williams\williau01,25,,,1
1492,Justin Williams*\williju02,22,.000,-100,/H9
1493,Mason Williams*\willima10,26,.729,95,9H8/7
1494,Nick Williams*\willini01,24,.749,99,9H7/D
1495,Taylor Williams#\willita01,26,.500,35,1
1496,Trevor Williams\willitr01,26,.272,-23,1
1497,Mac Williamson\willima11,27,.678,88,7/9H
1498,Alex Wilson\wilsoal01,31,,,1
1499,Bobby Wilson\wilsobo02,35,.523,43,2
1500,Bryse Wilson\wilsobr02,20,.000,-100,/1
1501,Justin Wilson*\wilsoju10,30,.000,-100,1
1502,Trey Wingenter\wingetr01,24,,,1
1503,Jesse Winker*\winkeje01,24,.836,125,97H/D
1504,Dan Winkler\winklda01,28,.000,-100,1
1505,Patrick Wisdom\wisdopa01,26,.882,139,H5/3
1506,Matt Wisler\wislema01,25,.000,-100,1
1507,Matt Wisler\wislema01,25,.000,-100,/1
1508,Matt Wisler\wislema01,25,,,1
1509,Nick Wittgren\wittgni01,27,,,1
1510,Tony Wolters*\wolteto01,26,.577,48,2/H475
1511,Kolten Wong*\wongko01,27,.720,97,*4H
1512,Alex Wood\woodal02,27,.091,-75,1
1513,Hunter Wood\woodhu01,24,,,1/HD
1514,Brandon Woodruff*\woodrbr01,25,.958,150,1
1515,Brandon Workman\workmbr01,29,,,1
1516,David Wright\wrighda03,35,.333,5,/5H
1517,Kyle Wright\wrighky01,22,,,/1
1518,Mike Wright\wrighmi01,28,.000,-100,1
1519,Steven Wright\wrighst01,33,,,1
1520,Austin Wynns\wynnsau01,27,.669,83,2/HD
1521,Ryan Yarbrough\yarbrry01,26,.000,-100,1
1522,Kirby Yates*\yateski01,31,.000,-100,1
1523,Christian Yelich*\yelicch01,26,1.000,164,*798/H
1524,Chris Young\youngch04,34,.615,68,987H/D
1525,Eric Young Jr.#\younger03,33,.551,52,87/H
1526,Mark Zagunis\zagunma01,25,1.100,192,/H9
1527,Mike Zagurski*\zagurmi01,35,,,/1
1528,Daniel Zamora*\zamorda01,25,,,1
1529,Rob Zastryzny\zastrro01,26,,,/1
1530,Brad Ziegler\zieglbr01,38,,,1
1531,Brad Ziegler\zieglbr01,38,,,1
1532,Brad Ziegler\zieglbr01,38,,,1
1533,Bradley Zimmer*\zimmebr01,25,.611,65,8/H
1534,Ryan Zimmerman\zimmery01,33,.824,114,3H
1535,Jordan Zimmermann\zimmejo02,32,.000,-100,1
1536,Ben Zobrist#\zobribe01,37,.817,117,497H/3D
1537,Mike Zunino\zuninmi01,27,.669,85,*2/HD
,LgAvg per 600 PA,,.727,,